1405,0.034302,-0.005981,0.925293,-1.198473,-0.167939,-0.358779,0.999939,0.002930,-0.000183,-0.000305
1423,0.035278,-0.007202,0.920532,-1.244275,-0.183206,-0.320611,0.999939,0.002014,-0.000427,-0.000549
1441,0.035278,-0.007202,0.920532,-1.244275,-0.183206,-0.320611,0.999939,0.001160,-0.000671,-0.000793
1580,0.031982,-0.007080,0.927246,-1.206107,-0.183206,-0.297710,0.999939,0.000244,-0.000916,-0.001038
1731,0.031372,-0.006348,0.924194,-1.198473,-0.167939,-0.297710,0.999939,-0.000610,-0.001160,-0.001221
1894,0.031372,-0.006470,0.921265,-1.160305,-0.175573,-0.297710,0.999939,-0.001465,-0.001343,-0.001404
2057,0.030151,-0.005371,0.930542,-1.183206,-0.175573,-0.312977,0.999939,-0.002258,-0.001587,-0.001648
2220,0.031982,-0.007935,0.926636,-1.183206,-0.175573,-0.290076,0.999939,-0.003113,-0.001831,-0.001831
2371,0.033936,-0.005859,0.926514,-1.183206,-0.145038,-0.305344,0.999939,-0.003967,-0.002075,-0.002075
2534,0.031860,-0.006958,0.923340,-1.175573,-0.190840,-0.305344,0.999939,-0.004761,-0.002319,-0.002258
2697,0.031616,-0.003906,0.924805,-1.198473,-0.167939,-0.305344,0.999939,-0.005615,-0.002502,-0.002441
2860,0.034912,-0.008667,0.922974,-1.175573,-0.175573,-0.305344,0.999939,-0.006409,-0.002747,-0.002686
3011,0.032227,-0.006836,0.926392,-1.190840,-0.145038,-0.274809,0.999939,-0.007202,-0.002991,-0.002869
3174,0.032959,-0.008301,0.926392,-1.167939,-0.183206,-0.320611,0.999939,-0.007996,-0.003174,-0.003113
3337,0.032471,-0.007080,0.924316,-1.198473,-0.167939,-0.297710,0.999939,-0.008850,-0.003418,-0.003296
3500,0.033081,-0.009033,0.923340,-1.213740,-0.175573,-0.297710,0.999939,-0.009644,-0.003601,-0.003540
3651,0.032593,-0.005981,0.926270,-1.190840,-0.167939,-0.290076,0.999878,-0.010437,-0.003845,-0.003723
3814,0.033325,-0.004639,0.926636,-1.198473,-0.190840,-0.282443,0.999878,-0.011169,-0.004028,-0.003967
3977,0.031372,-0.008545,0.925537,-1.160305,-0.145038,-0.305344,0.999878,-0.011963,-0.004272,-0.004150
4140,0.034302,-0.005981,0.920288,-1.175573,-0.152672,-0.290076,0.999878,-0.012756,-0.004456,-0.004395
4292,0.032227,-0.005249,0.925903,-1.206107,-0.183206,-0.312977,0.999878,-0.013489,-0.004700,-0.004578
4455,0.029907,-0.005859,0.926025,-1.206107,-0.175573,-0.305344,0.999817,-0.014221,-0.004883,-0.004822
4618,0.036377,-0.005249,0.922852,-1.167939,-0.183206,-0.297710,0.999817,-0.015015,-0.005066,-0.005005
4781,0.035645,-0.006958,0.923706,-1.190840,-0.152672,-0.305344,0.999817,-0.015747,-0.005310,-0.005188
4932,0.031372,-0.007568,0.924805,-1.160305,-0.152672,-0.282443,0.999817,-0.016479,-0.005493,-0.005432
5095,0.033203,-0.006714,0.925537,-1.206107,-0.183206,-0.274809,0.999817,-0.017212,-0.005676,-0.005615
5258,0.035156,-0.006958,0.921753,-1.206107,-0.152672,-0.290076,0.999756,-0.017944,-0.005920,-0.005798
5421,0.034424,-0.006592,0.924927,-1.213740,-0.167939,-0.312977,0.999756,-0.018677,-0.006104,-0.006042
5573,0.034790,-0.006104,0.925781,-1.183206,-0.145038,-0.282443,0.999756,-0.019409,-0.006287,-0.006226
5736,0.034668,-0.007568,0.924072,-1.183206,-0.160305,-0.290076,0.999756,-0.020081,-0.006470,-0.006470
5900,0.032104,-0.008423,0.926270,-1.175573,-0.152672,-0.312977,0.999695,-0.020813,-0.006653,-0.006653
6063,0.033081,-0.009521,0.922729,-1.229008,-0.152672,-0.282443,0.999695,-0.021545,-0.006836,-0.006897
6214,0.030518,-0.007202,0.923462,-1.183206,-0.190840,-0.305344,0.999695,-0.022217,-0.007080,-0.007080
6377,0.033936,-0.007324,0.925781,-1.190840,-0.175573,-0.290076,0.999634,-0.022949,-0.007263,-0.007263
6540,0.032837,-0.007202,0.923950,-1.183206,-0.175573,-0.267176,0.999634,-0.023621,-0.007446,-0.007507
6703,0.033691,-0.005493,0.923218,-1.213740,-0.167939,-0.305344,0.999634,-0.024353,-0.007629,-0.007690
6854,0.034302,-0.007080,0.922363,-1.175573,-0.160305,-0.297710,0.999573,-0.025024,-0.007812,-0.007935
7017,0.035278,-0.005737,0.921387,-1.183206,-0.183206,-0.267176,0.999573,-0.025696,-0.007996,-0.008118
7180,0.035400,-0.006470,0.923218,-1.198473,-0.137405,-0.305344,0.999573,-0.026367,-0.008179,-0.008301
7343,0.032349,-0.007812,0.922485,-1.183206,-0.206107,-0.312977,0.999512,-0.027039,-0.008423,-0.008545
7494,0.030884,-0.004883,0.931763,-1.175573,-0.175573,-0.305344,0.999512,-0.027649,-0.008606,-0.008789
7657,0.032715,-0.004761,0.925171,-1.198473,-0.129771,-0.274809,0.999512,-0.028320,-0.008789,-0.008972
7820,0.034668,-0.008057,0.920532,-1.167939,-0.167939,-0.290076,0.999451,-0.028992,-0.008972,-0.009216
7983,0.031860,-0.004272,0.923340,-1.152672,-0.183206,-0.297710,0.999451,-0.029602,-0.009155,-0.009399
8134,0.032959,-0.007568,0.922363,-1.175573,-0.183206,-0.274809,0.999451,-0.030212,-0.009277,-0.009583
8298,0.032471,-0.009766,0.922119,-1.190840,-0.167939,-0.305344,0.999390,-0.030884,-0.009460,-0.009827
8461,0.031616,-0.006104,0.920532,-1.213740,-0.183206,-0.274809,0.999390,-0.031494,-0.009644,-0.010010
8624,0.032471,-0.008179,0.924194,-1.175573,-0.152672,-0.267176,0.999329,-0.032104,-0.009827,-0.010193
8775,0.034302,-0.005371,0.923218,-1.167939,-0.175573,-0.297710,0.999329,-0.032776,-0.010010,-0.010437
8938,0.036255,-0.007812,0.924194,-1.183206,-0.167939,-0.282443,0.999329,-0.033386,-0.010193,-0.010681
9101,0.033691,-0.005371,0.929810,-1.198473,-0.152672,-0.305344,0.999268,-0.033997,-0.010376,-0.010864
9264,0.035156,-0.004272,0.922607,-1.198473,-0.175573,-0.290076,0.999268,-0.034607,-0.010498,-0.011047
9415,0.034668,-0.008301,0.920410,-1.198473,-0.167939,-0.290076,0.999207,-0.035217,-0.010681,-0.011292
9579,0.034546,-0.007568,0.923950,-1.198473,-0.183206,-0.297710,0.999207,-0.035828,-0.010864,-0.011475
9742,0.033691,-0.004272,0.923340,-1.183206,-0.175573,-0.282443,0.999207,-0.036438,-0.011047,-0.011719
9893,0.030884,-0.008911,0.923706,-1.183206,-0.183206,-0.297710,0.999146,-0.036987,-0.011230,-0.011902
10056,0.033569,-0.009521,0.924683,-1.160305,-0.167939,-0.297710,0.999146,-0.037598,-0.011353,-0.012146
10219,0.033691,-0.007812,0.922974,-1.206107,-0.137405,-0.290076,0.999084,-0.038208,-0.011536,-0.012329
10382,0.030884,-0.005737,0.920166,-1.198473,-0.145038,-0.305344,0.999084,-0.038757,-0.011658,-0.012573
10533,0.032715,-0.004761,0.923950,-1.206107,-0.167939,-0.305344,0.999023,-0.039368,-0.011780,-0.012756
10696,0.032959,-0.010498,0.928467,-1.175573,-0.167939,-0.297710,0.999023,-0.039917,-0.011963,-0.013000
10859,0.031860,-0.006348,0.926636,-1.175573,-0.175573,-0.290076,0.998962,-0.040466,-0.012085,-0.013245
11022,0.032959,-0.008301,0.922241,-1.175573,-0.183206,-0.305344,0.998962,-0.041016,-0.012268,-0.013428
11173,0.030396,-0.008667,0.928223,-1.183206,-0.175573,-0.305344,0.998962,-0.041565,-0.012390,-0.013672
11336,0.033081,-0.003418,0.924438,-1.183206,-0.145038,-0.312977,0.998901,-0.042175,-0.012573,-0.013855
11499,0.033325,-0.010620,0.922729,-1.198473,-0.190840,-0.305344,0.998901,-0.042725,-0.012695,-0.014099
11662,0.030640,-0.005005,0.922729,-1.152672,-0.183206,-0.297710,0.998840,-0.043213,-0.012878,-0.014282
11813,0.033447,-0.006592,0.925171,-1.190840,-0.152672,-0.297710,0.998840,-0.043762,-0.013000,-0.014526
11976,0.032227,-0.010986,0.922241,-1.145038,-0.145038,-0.297710,0.998779,-0.044312,-0.013184,-0.014771
12139,0.033325,-0.005737,0.924438,-1.183206,-0.183206,-0.305344,0.998779,-0.044861,-0.013306,-0.014954
12303,0.032227,-0.008789,0.922852,-1.183206,-0.145038,-0.290076,0.998718,-0.045349,-0.013489,-0.015198
12454,0.032715,-0.012085,0.923340,-1.167939,-0.175573,-0.312977,0.998718,-0.045898,-0.013611,-0.015442
12617,0.032104,-0.007324,0.920776,-1.167939,-0.167939,-0.343511,0.998657,-0.046448,-0.013733,-0.015686
12780,0.033203,-0.009521,0.925415,-1.190840,-0.190840,-0.297710,0.998657,-0.046936,-0.013855,-0.015869
12943,0.031616,-0.004517,0.923096,-1.183206,-0.190840,-0.290076,0.998596,-0.047485,-0.014038,-0.016113
13094,0.033081,-0.006958,0.927002,-1.152672,-0.175573,-0.290076,0.998596,-0.047974,-0.014160,-0.016357
13257,0.033691,-0.009277,0.920044,-1.175573,-0.167939,-0.297710,0.998535,-0.048462,-0.014343,-0.016541
13420,0.034180,-0.008423,0.923218,-1.160305,-0.152672,-0.312977,0.998535,-0.048950,-0.014465,-0.016785
13584,0.035278,-0.006226,0.925537,-1.190840,-0.183206,-0.320611,0.998474,-0.049500,-0.014587,-0.016968
13735,0.033569,-0.005981,0.925781,-1.198473,-0.167939,-0.282443,0.998474,-0.049988,-0.014709,-0.017212
13898,0.029907,-0.006226,0.924194,-1.167939,-0.152672,-0.290076,0.998413,-0.050415,-0.014832,-0.017395
14061,0.032715,-0.005737,0.920532,-1.183206,-0.152672,-0.328244,0.998413,-0.050903,-0.014954,-0.017639
14224,0.034912,-0.003784,0.922607,-1.198473,-0.152672,-0.282443,0.998352,-0.051392,-0.015076,-0.017883
14375,0.031250,-0.005249,0.926514,-1.175573,-0.167939,-0.312977,0.998352,-0.051880,-0.015259,-0.018127
14538,0.030029,-0.004883,0.924072,-1.175573,-0.175573,-0.312977,0.998291,-0.052368,-0.015381,-0.018311
14701,0.030151,-0.004639,0.921265,-1.160305,-0.190840,-0.312977,0.998291,-0.052856,-0.015503,-0.018555
14864,0.031494,-0.010010,0.922241,-1.167939,-0.152672,-0.312977,0.998230,-0.053284,-0.015564,-0.018799
15015,0.030884,-0.006958,0.920654,-1.190840,-0.198473,-0.290076,0.998230,-0.053772,-0.015747,-0.018982
15178,0.032837,-0.007446,0.920410,-1.152672,-0.175573,-0.274809,0.998169,-0.054199,-0.015869,-0.019226
15341,0.030762,-0.007812,0.922974,-1.183206,-0.152672,-0.282443,0.998169,-0.054688,-0.015991,-0.019409
15504,0.033325,-0.006348,0.923950,-1.175573,-0.145038,-0.305344,0.998108,-0.055176,-0.016052,-0.019653
15655,0.034424,-0.008545,0.922485,-1.175573,-0.160305,-0.305344,0.998108,-0.055603,-0.016174,-0.019897
15818,0.032471,-0.008545,0.921631,-1.190840,-0.145038,-0.297710,0.998047,-0.056091,-0.016296,-0.020081
15981,0.031006,-0.010864,0.921509,-1.183206,-0.183206,-0.312977,0.998047,-0.056519,-0.016418,-0.020325
16144,0.034546,-0.007812,0.923828,-1.167939,-0.152672,-0.282443,0.997986,-0.056946,-0.016541,-0.020569
16296,0.032227,-0.005737,0.923584,-1.175573,-0.175573,-0.312977,0.997986,-0.057434,-0.016663,-0.020752
16459,0.031982,-0.009277,0.919067,-1.190840,-0.152672,-0.305344,0.997925,-0.057861,-0.016785,-0.020996
16622,0.034180,-0.006958,0.924927,-1.167939,-0.190840,-0.282443,0.997925,-0.058289,-0.016907,-0.021240
16785,0.033203,-0.007446,0.924072,-1.183206,-0.160305,-0.274809,0.997864,-0.058716,-0.017029,-0.021423
16936,0.034424,-0.006958,0.923218,-1.183206,-0.160305,-0.267176,0.997864,-0.059143,-0.017151,-0.021667
17099,0.032959,-0.008423,0.922241,-1.175573,-0.167939,-0.305344,0.997803,-0.059570,-0.017273,-0.021851
17262,0.032471,-0.005737,0.925415,-1.183206,-0.137405,-0.297710,0.997803,-0.059998,-0.017334,-0.022095
17425,0.033813,-0.007080,0.919434,-1.183206,-0.175573,-0.305344,0.997742,-0.060364,-0.017456,-0.022339
17577,0.031860,-0.008667,0.925659,-1.190840,-0.183206,-0.282443,0.997742,-0.060791,-0.017578,-0.022522
17740,0.032715,-0.009766,0.922607,-1.167939,-0.167939,-0.267176,0.997681,-0.061218,-0.017700,-0.022766
17903,0.034424,-0.007202,0.920654,-1.206107,-0.145038,-0.290076,0.997620,-0.061646,-0.017822,-0.022949
18066,0.033081,-0.007812,0.920654,-1.183206,-0.198473,-0.290076,0.997620,-0.062012,-0.017944,-0.023193
18217,0.031250,-0.007202,0.923950,-1.183206,-0.145038,-0.274809,0.997559,-0.062439,-0.018005,-0.023376
18380,0.036621,-0.006958,0.921021,-1.190840,-0.152672,-0.305344,0.997559,-0.062866,-0.018127,-0.023621
18543,0.032471,-0.008057,0.924072,-1.183206,-0.160305,-0.297710,0.997498,-0.063232,-0.018188,-0.023804
18706,0.031250,-0.006714,0.923828,-1.152672,-0.175573,-0.274809,0.997498,-0.063599,-0.018311,-0.024048
18857,0.032227,-0.006104,0.925903,-1.167939,-0.152672,-0.290076,0.997437,-0.064026,-0.018433,-0.024231
19020,0.031616,-0.008545,0.923340,-1.206107,-0.145038,-0.305344,0.997437,-0.064392,-0.018555,-0.024475
19183,0.034424,-0.007202,0.921753,-1.175573,-0.145038,-0.305344,0.997375,-0.064819,-0.018616,-0.024719
19346,0.031982,-0.005859,0.924683,-1.175573,-0.160305,-0.290076,0.997375,-0.065186,-0.018738,-0.024902
19497,0.032715,-0.005859,0.920166,-1.198473,-0.167939,-0.267176,0.997314,-0.065552,-0.018860,-0.025085
19660,0.032715,-0.005371,0.923706,-1.183206,-0.152672,-0.267176,0.997314,-0.065979,-0.018921,-0.025330
19823,0.034424,-0.004272,0.921265,-1.183206,-0.167939,-0.259542,0.997253,-0.066345,-0.019043,-0.025513
19986,0.035645,-0.005127,0.925659,-1.175573,-0.167939,-0.290076,0.997253,-0.066711,-0.019165,-0.025757
20137,0.029053,-0.003418,0.924072,-1.152672,-0.183206,-0.312977,0.997192,-0.067078,-0.019226,-0.026001
20300,0.032959,-0.007202,0.922607,-1.198473,-0.160305,-0.282443,0.997192,-0.067444,-0.019348,-0.026184
20463,0.032837,-0.005737,0.920898,-1.167939,-0.175573,-0.274809,0.997131,-0.067749,-0.019409,-0.026428
20626,0.033081,-0.004639,0.922974,-1.206107,-0.160305,-0.267176,0.997131,-0.068176,-0.019531,-0.026611
20777,0.029907,-0.007202,0.927490,-1.221374,-0.183206,-0.290076,0.997070,-0.068542,-0.019653,-0.026855
20940,0.032471,-0.004883,0.918457,-1.198473,-0.160305,-0.282443,0.997009,-0.068909,-0.019714,-0.027039
21103,0.033569,-0.005615,0.921875,-1.183206,-0.152672,-0.290076,0.997009,-0.069275,-0.019836,-0.027283
21266,0.030518,-0.007080,0.921387,-1.206107,-0.137405,-0.312977,0.996948,-0.069641,-0.019897,-0.027466
21417,0.032593,-0.006714,0.921997,-1.167939,-0.160305,-0.297710,0.996948,-0.069946,-0.019958,-0.027710
21580,0.034912,-0.008545,0.924072,-1.190840,-0.152672,-0.297710,0.996887,-0.070312,-0.020081,-0.027954
21743,0.034058,-0.005249,0.927979,-1.167939,-0.160305,-0.259542,0.996887,-0.070679,-0.020142,-0.028137
21906,0.033325,-0.007812,0.927490,-1.198473,-0.145038,-0.297710,0.996826,-0.071045,-0.020203,-0.028381
22057,0.034180,-0.005493,0.923462,-1.198473,-0.152672,-0.282443,0.996826,-0.071350,-0.020325,-0.028625
22220,0.034058,-0.007080,0.931396,-1.175573,-0.183206,-0.290076,0.996765,-0.071716,-0.020386,-0.028809
22383,0.034302,-0.006348,0.926270,-1.183206,-0.175573,-0.305344,0.996765,-0.072021,-0.020508,-0.029053
22546,0.033081,-0.007568,0.917603,-1.183206,-0.152672,-0.320611,0.996704,-0.072388,-0.020569,-0.029297
22698,0.032715,-0.006470,0.922485,-1.183206,-0.175573,-0.297710,0.996704,-0.072754,-0.020691,-0.029480
22861,0.031982,-0.007080,0.925903,-1.183206,-0.183206,-0.297710,0.996643,-0.073059,-0.020813,-0.029724
23024,0.031006,-0.008911,0.927612,-1.198473,-0.137405,-0.320611,0.996582,-0.073364,-0.020874,-0.029968
23187,0.031738,-0.006348,0.923950,-1.183206,-0.160305,-0.305344,0.996582,-0.073730,-0.020935,-0.030212
23338,0.034302,-0.005249,0.923218,-1.198473,-0.152672,-0.312977,0.996521,-0.074036,-0.020996,-0.030396
23501,0.033447,-0.006836,0.922485,-1.152672,-0.160305,-0.267176,0.996521,-0.074341,-0.021118,-0.030640
23664,0.031250,-0.006226,0.922241,-1.190840,-0.152672,-0.267176,0.996460,-0.074646,-0.021179,-0.030823
23827,0.032959,-0.005371,0.925293,-1.190840,-0.167939,-0.297710,0.996460,-0.074951,-0.021240,-0.031067
23978,0.034302,-0.007202,0.923584,-1.175573,-0.175573,-0.305344,0.996399,-0.075256,-0.021362,-0.031311
24141,0.032471,-0.008423,0.921387,-1.206107,-0.152672,-0.312977,0.996399,-0.075623,-0.021423,-0.031494
24304,0.034424,-0.009277,0.927002,-1.206107,-0.175573,-0.282443,0.996338,-0.075928,-0.021484,-0.031738
24467,0.033569,-0.008301,0.922363,-1.175573,-0.190840,-0.305344,0.996338,-0.076233,-0.021545,-0.031982
24618,0.034668,-0.007935,0.922974,-1.167939,-0.160305,-0.282443,0.996277,-0.076538,-0.021606,-0.032166
24781,0.032837,-0.007812,0.923950,-1.190840,-0.190840,-0.297710,0.996277,-0.076843,-0.021729,-0.032410
24944,0.032471,-0.005005,0.926270,-1.190840,-0.137405,-0.305344,0.996216,-0.077087,-0.021790,-0.032593
25107,0.033325,-0.007812,0.925171,-1.190840,-0.190840,-0.290076,0.996216,-0.077393,-0.021851,-0.032837
25258,0.032715,-0.007080,0.924683,-1.206107,-0.175573,-0.282443,0.996155,-0.077698,-0.021912,-0.033020
25421,0.031616,-0.007935,0.923218,-1.175573,-0.152672,-0.274809,0.996155,-0.078003,-0.022034,-0.033264
25584,0.030273,-0.006226,0.923828,-1.190840,-0.160305,-0.274809,0.996094,-0.078308,-0.022095,-0.033508
25747,0.032959,-0.007446,0.926270,-1.198473,-0.175573,-0.251908,0.996094,-0.078613,-0.022156,-0.033691
25898,0.032227,-0.007446,0.922119,-1.190840,-0.152672,-0.290076,0.996033,-0.078918,-0.022217,-0.033936
26061,0.034302,-0.004395,0.924316,-1.167939,-0.167939,-0.282443,0.995972,-0.079163,-0.022278,-0.034119
26224,0.033569,-0.005737,0.924438,-1.198473,-0.167939,-0.297710,0.995972,-0.079468,-0.022339,-0.034363
26387,0.031372,-0.007202,0.921509,-1.183206,-0.160305,-0.305344,0.995911,-0.079773,-0.022400,-0.034607
26538,0.033936,-0.007080,0.916992,-1.198473,-0.152672,-0.282443,0.995911,-0.080017,-0.022461,-0.034790
26701,0.031616,-0.007324,0.921143,-1.183206,-0.175573,-0.297710,0.995850,-0.080322,-0.022522,-0.035034
26864,0.034058,-0.007935,0.922241,-1.198473,-0.152672,-0.274809,0.995850,-0.080627,-0.022583,-0.035278
27027,0.032959,-0.004028,0.921265,-1.183206,-0.175573,-0.290076,0.995789,-0.080872,-0.022644,-0.035461
27178,0.033936,-0.006836,0.922974,-1.213740,-0.190840,-0.297710,0.995789,-0.081177,-0.022766,-0.035706
27341,0.029785,-0.006592,0.921631,-1.160305,-0.137405,-0.312977,0.995728,-0.081421,-0.022827,-0.035950
27504,0.031616,-0.007446,0.919922,-1.198473,-0.160305,-0.290076,0.995728,-0.081726,-0.022888,-0.036194
27668,0.031860,-0.005371,0.919800,-1.175573,-0.175573,-0.305344,0.995667,-0.081970,-0.022949,-0.036377
27819,0.032959,-0.007690,0.920776,-1.198473,-0.160305,-0.290076,0.995667,-0.082275,-0.023010,-0.036621
27982,0.031982,-0.008789,0.923340,-1.183206,-0.152672,-0.305344,0.995605,-0.082520,-0.023071,-0.036865
28145,0.033813,-0.007324,0.924683,-1.198473,-0.175573,-0.259542,0.995605,-0.082764,-0.023132,-0.037048
28308,0.032227,-0.008057,0.919067,-1.190840,-0.145038,-0.267176,0.995544,-0.083069,-0.023193,-0.037292
28459,0.033081,-0.006226,0.920776,-1.175573,-0.160305,-0.282443,0.995544,-0.083313,-0.023254,-0.037537
28622,0.032471,-0.004883,0.921997,-1.198473,-0.167939,-0.290076,0.995483,-0.083618,-0.023315,-0.037720
28785,0.032837,-0.006836,0.922363,-1.190840,-0.137405,-0.290076,0.995483,-0.083862,-0.023376,-0.037964
28949,0.033813,-0.005981,0.923096,-1.183206,-0.167939,-0.297710,0.995422,-0.084106,-0.023438,-0.038208
29100,0.034790,-0.007812,0.924683,-1.198473,-0.167939,-0.297710,0.995361,-0.084351,-0.023499,-0.038391
29263,0.031494,-0.005737,0.924194,-1.152672,-0.167939,-0.290076,0.995361,-0.084595,-0.023560,-0.038635
29426,0.032837,-0.004761,0.920898,-1.183206,-0.167939,-0.267176,0.995300,-0.084839,-0.023621,-0.038879
29589,0.031128,-0.008789,0.922485,-1.167939,-0.152672,-0.297710,0.995300,-0.085083,-0.023682,-0.039062
29740,0.030640,-0.006104,0.922241,-1.190840,-0.160305,-0.297710,0.995239,-0.085327,-0.023743,-0.039307
29903,0.034790,-0.006470,0.925049,-1.167939,-0.152672,-0.305344,0.995239,-0.085571,-0.023804,-0.039551
30066,0.033325,-0.006958,0.926636,-1.183206,-0.175573,-0.282443,0.995178,-0.085815,-0.023865,-0.039795
30229,0.030762,-0.008667,0.920898,-1.183206,-0.145038,-0.297710,0.995178,-0.086060,-0.023865,-0.039978
30381,0.031372,-0.006836,0.927490,-1.175573,-0.152672,-0.305344,0.995117,-0.086304,-0.023926,-0.040222
30544,0.032349,-0.007080,0.923950,-1.099237,-0.213740,-0.335878,0.995117,-0.086487,-0.023987,-0.040466
30707,0.064209,-0.016479,0.923706,2.206107,-3.335878,-19.396946,0.994873,-0.085205,-0.025940,-0.047180
30870,0.053223,0.018921,0.964478,-14.503817,4.068702,-28.496183,0.993347,-0.091431,-0.026306,-0.064758
31021,0.026978,-0.112793,0.948364,-30.328245,-8.587787,0.633588,0.991699,-0.108765,-0.026245,-0.063232
31184,0.127930,-0.160156,0.855469,-19.984734,-56.625954,-42.885498,0.986267,-0.132690,-0.050903,-0.083923
31347,0.296753,-0.249268,0.581665,-40.267174,-97.297707,4.419847,0.976074,-0.159546,-0.117615,-0.088989
31510,0.400513,-0.401855,0.917847,-25.587786,42.885498,-4.160306,0.970825,-0.193481,-0.098145,-0.102051
31662,0.116089,-0.171021,0.957153,44.694656,79.877861,-9.419847,0.979248,-0.147644,-0.054382,-0.127747
31825,0.094482,-0.116455,0.967163,13.694656,23.709923,-58.580154,0.979370,-0.126038,-0.036499,-0.153748
31988,0.096680,-0.097046,0.932007,-3.427481,3.717557,60.732826,0.983276,-0.120972,-0.028992,-0.132812
32139,-0.003784,-0.036255,0.897949,38.244274,5.374046,18.618320,0.987244,-0.095398,-0.030151,-0.123718
32302,0.113281,0.010132,0.900635,8.305344,-6.618320,10.106871,0.989014,-0.093811,-0.028992,-0.110107
32465,-0.090332,-0.010376,0.816650,10.465649,1.793893,27.290077,0.991577,-0.086243,-0.027466,-0.092468
32628,0.319336,-0.065308,1.019287,-32.167938,-5.702290,54.778625,0.993164,-0.101318,-0.022461,-0.052917
32779,0.193848,0.026123,0.924438,24.725191,0.274809,-65.351143,0.992493,-0.092529,-0.028931,-0.073975
32943,0.155029,0.050903,0.866577,53.877861,24.152672,-16.068703,0.992981,-0.076294,-0.026611,-0.086365
33106,0.028931,0.037964,0.920044,-27.389313,15.183207,-9.755725,0.989868,-0.092407,-0.020325,-0.105774
33269,0.076904,-0.042603,0.965088,-16.450382,-10.160305,-9.549619,0.988708,-0.097595,-0.024231,-0.110718
33420,0.036987,-0.011108,0.892822,11.923664,0.435115,7.320611,0.989075,-0.095825,-0.021057,-0.110046
33583,0.030151,0.094238,0.951538,28.389313,-13.992367,5.122138,0.991089,-0.081421,-0.031006,-0.100342
33746,0.070312,0.101562,0.966919,1.648855,1.938931,3.007634,0.991577,-0.074707,-0.034546,-0.099670
33909,0.070190,0.130371,0.844360,0.801527,-4.129771,-13.419847,0.991150,-0.071594,-0.037415,-0.105164
34060,0.062622,0.039307,0.958618,-17.038168,5.351145,-0.083969,0.989807,-0.084412,-0.034546,-0.109253
34223,0.076660,0.058960,0.908203,3.145038,-2.305344,1.755725,0.989990,-0.084412,-0.033752,-0.107788
34387,0.081787,0.036011,0.940430,-0.381679,0.221374,-0.832061,0.989868,-0.086121,-0.033081,-0.107849
34550,0.065308,0.037231,0.920654,-3.656489,3.022901,-0.343511,0.989746,-0.087158,-0.033813,-0.107849
34701,0.069946,0.029053,0.942261,-5.297710,3.259542,2.068702,0.989563,-0.089783,-0.031555,-0.107727
34864,0.064209,0.035400,0.901978,-2.221374,-1.061069,0.595420,0.989502,-0.091187,-0.031799,-0.107056
35027,0.065552,0.032715,0.928223,-0.251908,-0.725191,-2.320611,0.989380,-0.091309,-0.032410,-0.108398
35190,0.064575,0.038330,0.924561,1.625954,1.671756,-2.137405,0.989319,-0.090332,-0.031799,-0.109680
35341,0.061890,0.024414,0.923096,-0.114504,1.213740,-1.175573,0.989258,-0.090027,-0.031860,-0.110657
35504,0.059326,0.035645,0.915771,-2.083969,0.656489,-0.877863,0.989197,-0.090088,-0.030701,-0.111511
35668,0.061646,0.023438,0.922241,-3.725191,-0.763359,-0.099237,0.989014,-0.091248,-0.030884,-0.112183
35831,0.061890,0.028931,0.925903,-1.435115,1.450382,-0.923664,0.988953,-0.091370,-0.030273,-0.112488
35982,0.053467,0.026245,0.919189,-1.770992,0.442748,-1.076336,0.988953,-0.091614,-0.029846,-0.112610
36145,0.052490,0.021484,0.926636,0.389313,1.931298,-1.160305,0.989014,-0.090393,-0.028625,-0.113403
36308,0.030762,-0.016968,0.940308,-10.740458,6.152672,-21.053434,0.987610,-0.093994,-0.025513,-0.122803
36471,0.053223,0.068237,0.934937,-2.053435,-22.809160,-87.320610,0.979736,-0.090332,-0.043884,-0.173340
36622,0.158081,-0.063599,0.934326,-22.664122,-3.824427,-149.557251,0.958984,-0.101074,-0.053589,-0.259277
36785,0.202271,-0.004639,0.908447,-15.633588,-2.412214,-130.687027,0.923279,-0.109436,-0.064758,-0.362366
36949,0.064819,-0.037842,0.917969,-4.106870,12.221375,-81.206108,0.896790,-0.108398,-0.061401,-0.424500
37101,0.047119,0.004761,0.916138,11.603053,11.961832,-42.786259,0.882080,-0.096619,-0.057617,-0.457520
37264,0.016235,-0.000488,0.911499,2.595420,0.824427,-25.030535,0.873413,-0.089111,-0.057007,-0.475342
37427,0.027222,0.002686,0.915039,0.351145,-2.992366,0.496183,0.872070,-0.087280,-0.057800,-0.477966
37590,0.023804,0.003296,0.904175,4.412214,2.351145,24.748091,0.877869,-0.084229,-0.057007,-0.467957
37741,-0.055420,0.029907,0.916626,-11.671756,16.954199,50.618320,0.889465,-0.086365,-0.046082,-0.446350
37904,-0.052490,-0.066650,0.908447,4.198473,12.274809,122.175575,0.920593,-0.085876,-0.020752,-0.380310
38067,-0.005615,0.131836,0.906860,-8.610687,-12.106871,99.832062,0.942322,-0.092957,-0.025513,-0.320435
38230,0.042603,0.026733,0.959351,-9.954199,5.755725,128.290070,0.967163,-0.099060,-0.025879,-0.232544
38381,-0.045776,0.050171,0.905273,17.992367,15.106871,107.748093,0.982849,-0.090515,0.006287,-0.160400
38544,-0.026245,0.090942,0.914429,-0.977099,-4.938931,57.213741,0.989807,-0.085510,0.008484,-0.113525
38707,0.018188,0.072632,0.919067,-5.465649,-9.786260,13.717557,0.991211,-0.088989,0.001099,-0.097778
38870,0.034424,0.074219,0.920288,-5.404580,-4.061069,-2.786260,0.990845,-0.092651,-0.001221,-0.097900
39021,0.031982,0.066772,0.925781,-3.603053,1.221374,-1.618321,0.990479,-0.094666,-0.000183,-0.099487
39184,0.029297,0.053467,0.926025,-2.213740,0.190840,-1.213740,0.990295,-0.095581,0.000183,-0.100708
39347,0.006592,0.040283,0.920654,-6.931298,6.000000,-8.671756,0.989624,-0.097656,0.002869,-0.105042
39510,0.036621,0.128540,0.890503,21.854961,-0.862595,48.839695,0.992004,-0.089783,0.003784,-0.088318
39662,-0.010742,0.058838,0.917847,6.854962,-2.496183,170.480911,0.996460,-0.082275,0.013428,0.009521
39825,0.072388,0.092407,0.951416,-10.885496,31.625954,250.129776,0.978699,-0.084106,0.049988,0.180298
39988,0.075684,0.025879,0.919067,-30.709923,13.572519,149.366409,0.943848,-0.096191,0.063904,0.309387
40151,0.013916,-0.089966,0.935425,-15.358779,4.557252,0.328244,0.936035,-0.113403,0.064209,0.326721
40302,0.018311,-0.005127,0.922729,11.564885,-2.572519,-70.809158,0.946472,-0.111511,0.060364,0.296692
40465,-0.001221,0.011719,0.954590,18.274809,14.358779,-185.709930,0.975525,-0.098267,0.056213,0.188171
40628,-0.075562,-0.072632,0.832397,-9.946565,8.480916,-211.824432,0.991577,-0.111206,0.051086,0.041870
40791,-0.010986,0.028931,0.958130,102.022903,-52.633587,-231.198471,0.989563,-0.076538,0.029846,-0.117920
40942,0.024048,0.142456,0.861694,-6.824428,-10.656488,-28.702290,0.983154,-0.064331,0.012329,-0.170349
41105,-0.002563,0.058716,0.906250,-13.916031,-8.916031,7.931298,0.982117,-0.079407,0.010925,-0.170410
41268,0.013062,0.032227,0.908203,-31.900763,-2.106870,-0.664122,0.981567,-0.089844,0.010132,-0.168335
41431,-0.022095,-0.052002,0.916748,-16.740458,10.244275,10.877863,0.980408,-0.106079,0.017029,-0.164856
41582,-0.017578,-0.076416,0.938354,-23.328245,11.984733,9.641221,0.980286,-0.113831,0.023499,-0.159607
41908,0.092529,0.834961,0.330933,250.129776,-73.931297,-50.984734,0.981079,0.094116,-0.061829,-0.157043
42071,-0.019043,0.914062,-0.222290,143.236649,-6.847328,-37.183205,0.951965,0.229431,-0.097351,-0.177795
42223,-0.022827,0.883789,-0.425171,18.694656,12.900764,-5.259542,0.939453,0.274231,-0.097839,-0.180481
42386,0.014526,0.978027,-0.247070,-81.709923,25.076336,13.770992,0.950439,0.243713,-0.079468,-0.175903
42549,0.070312,0.862549,0.135132,-146.946564,25.374046,22.015266,0.974854,0.148560,-0.047302,-0.159180
42712,0.075195,0.512329,0.733276,-231.259537,39.137405,16.198473,0.989075,-0.008728,0.003418,-0.146729
42863,0.057861,0.063477,0.990845,-170.893127,12.091603,0.061069,0.979004,-0.140076,0.027344,-0.145508
43026,0.023071,-0.109375,0.934326,-54.839695,11.694656,-4.335878,0.971069,-0.182678,0.041199,-0.148010
43189,-0.007324,-0.237427,0.928711,-51.541985,11.717557,-6.832061,0.963623,-0.213989,0.050110,-0.152039
43352,-0.008423,-0.256592,0.893799,-6.671756,2.106870,-2.213740,0.961365,-0.221985,0.052063,-0.153992
43503,0.017944,-0.240479,0.916504,21.503817,-3.893130,-0.595420,0.963989,-0.211548,0.047913,-0.153809
43666,0.061523,-0.119629,0.878052,46.465649,-28.748091,5.213740,0.970825,-0.183411,0.028809,-0.151489
43829,0.079956,-0.100220,0.913574,6.091603,-0.694656,0.564885,0.971741,-0.180603,0.023743,-0.149963
43992,0.038696,0.047363,0.944458,5.458015,10.404580,-3.687023,0.972046,-0.175964,0.027771,-0.152832
44143,0.052856,0.234619,0.848145,38.870228,30.389313,30.396946,0.978027,-0.148315,0.040649,-0.140564
44306,-0.016113,-0.066895,0.921387,-47.526718,-15.274809,-58.114502,0.975220,-0.160400,0.031860,-0.148926
44469,0.007446,-0.115479,0.921753,30.778625,15.366412,-4.854962,0.973083,-0.152100,0.029541,-0.170654
44632,0.008057,-0.023926,0.923218,-20.923664,9.511451,17.801527,0.973511,-0.155518,0.036438,-0.163574
44783,0.002319,0.011841,0.930542,8.015267,0.625954,2.038168,0.975159,-0.153625,0.037537,-0.154846
44947,-0.013306,-0.106689,0.886353,-11.343512,2.114504,5.557252,0.974182,-0.162170,0.041382,-0.151184
45110,-0.008667,-0.045044,1.020996,16.320610,-0.954198,3.106870,0.977112,-0.147949,0.035706,-0.148376
45273,0.027222,0.230713,0.881714,-4.366412,-5.854962,27.526718,0.979736,-0.144592,0.035828,-0.133728
45424,0.033813,0.086060,0.917236,-6.656488,-0.244275,-1.511450,0.979370,-0.151489,0.030762,-0.130005
45587,0.030396,0.027588,0.915527,-1.656489,2.412214,-0.290076,0.979614,-0.147339,0.033386,-0.132080
45750,0.056763,0.055664,0.941284,0.183206,1.412214,4.549618,0.979797,-0.146423,0.034363,-0.131775
45913,0.141235,-0.023438,0.962280,0.450382,4.045802,28.282442,0.981750,-0.145508,0.039917,-0.115723
46064,0.106812,0.041870,0.897339,18.053434,-14.251908,-4.564886,0.984558,-0.129089,0.034485,-0.112976
46229,0.094971,0.132080,0.892334,-16.534351,-29.641222,-29.549618,0.984680,-0.130615,0.017578,-0.114197
46392,-0.031006,0.115234,0.964478,-27.595419,-13.557252,-46.213741,0.981323,-0.140015,-0.000122,-0.131958
46543,-0.079590,0.059204,0.920654,-1.015267,15.541985,-15.625955,0.978516,-0.140442,0.006470,-0.150757
46706,-0.113281,0.078979,0.875122,3.274809,14.595420,16.938931,0.979736,-0.136475,0.017761,-0.145203
46869,-0.062012,0.074829,0.968018,0.389313,19.061069,42.435116,0.981934,-0.132568,0.036865,-0.129883
47032,0.177002,0.096436,0.837280,-0.778626,4.305344,43.282444,0.985657,-0.127625,0.046631,-0.099670
47183,0.153442,0.068726,0.968994,-12.137404,-6.221374,10.152672,0.986633,-0.129700,0.044861,-0.087646
47346,0.010986,0.061401,0.917358,-7.885496,3.938931,-14.366412,0.985352,-0.134583,0.043945,-0.094604
47509,0.004517,0.074707,0.926392,-11.610687,-7.137404,-9.984733,0.984009,-0.140076,0.042114,-0.101257
47672,0.018433,0.010254,1.114136,-18.664122,0.580153,1.847328,0.982544,-0.149109,0.041809,-0.102661
47823,-0.096802,-0.003052,1.078857,27.916031,12.274809,-13.786260,0.983032,-0.142090,0.049316,-0.104675
47986,-0.064697,0.117554,0.646851,49.290077,-23.923664,8.190840,0.988892,-0.109131,0.034668,-0.094788
48149,0.084106,0.179321,0.785400,-4.687023,-5.099236,24.435114,0.990906,-0.103882,0.034058,-0.077881
48312,0.110596,0.205811,0.833618,-15.015267,7.442748,17.190840,0.990662,-0.106995,0.039368,-0.074341
48463,-0.092773,0.087402,0.907349,6.572519,-26.419847,-21.206106,0.990784,-0.103699,0.030151,-0.081421
48626,-0.016113,0.131104,0.983643,-45.458015,17.229008,-13.671756,0.987671,-0.112732,0.049805,-0.096558
48789,-0.043457,0.072510,1.255981,-24.458015,-17.427481,-17.526718,0.984985,-0.124207,0.046387,-0.110168
48953,-0.061401,0.099854,0.979736,-6.572519,4.045802,-7.427481,0.983215,-0.122803,0.051086,-0.124878
49104,-0.010132,0.079468,0.920288,4.106870,0.900763,-6.938931,0.983154,-0.119141,0.049805,-0.129395
49267,0.094482,0.108398,0.897217,5.053435,-8.885496,-4.633588,0.983398,-0.114685,0.045654,-0.132690
49431,0.238281,0.102173,0.828613,12.465649,-58.450382,-23.763359,0.983093,-0.111328,0.013855,-0.144592
49594,0.104248,0.061157,0.824341,-14.297709,-42.809162,3.198473,0.979614,-0.125366,-0.018066,-0.155823
49745,0.095825,0.070068,0.846191,-16.778625,-17.633587,20.496183,0.979797,-0.140137,-0.029541,-0.139465
49908,0.170044,-0.106934,1.014282,-94.404579,-10.732824,9.083969,0.973999,-0.189453,-0.026489,-0.121155
50071,0.385010,-0.332153,0.769165,-122.297707,-18.954199,10.786260,0.960693,-0.243347,-0.029114,-0.130188
50235,0.250488,-0.333984,0.891724,-5.725191,12.916031,-2.351145,0.964355,-0.224365,-0.025574,-0.137756
